title,company,location,link
Python Developer Intern,OXO Solutions,"Ruby, SC",https://indeed.com/viewjob?jk=84a541c104b5b24c
Mid-Level Python Developer,HEXACT,Remote,https://indeed.com/viewjob?jk=b38c72a0024ad418
Java Python Developer,"Stage 4 Solutions, inc.",Remote,https://indeed.com/viewjob?jk=515bed068decc194
"Analyst, Baseball Research & Development",Cleveland Indians - Baseball Operations,Ohio,https://indeed.com/viewjob?jk=83630efa18619adb
Python Developer,Phrasee,Remote,https://indeed.com/viewjob?jk=085a511b377e3ecb
"FullStack (Python+JavaScript) Developer, Insurance Services",DataArt,Remote,https://indeed.com/viewjob?jk=f85bbaf152c53c78
Python Full Stack Developer w/ AWS,Intone Networks,"Roseland, CA",https://indeed.com/viewjob?jk=0b8ff090fdc1fdb2
QA Manual Tester-Remote,Agama Solutions,California,https://indeed.com/viewjob?jk=d7e6b9db8d900528
Data Center Technician,"Amazon Data Services, Inc.",Remote,https://indeed.com/viewjob?jk=c06f9aef4f1609fe
Python Programmer Analyst,Lipscomb University,"Nashville, TN",https://indeed.com/viewjob?jk=eee32cc0b68d15ea
Python Developer,PerchHQ,Remote,https://indeed.com/viewjob?jk=38181a8ebe650bbc
Cloud Infrastructure Engineer (Python + Terraform),Built Technologies,"Nashville, TN",https://indeed.com/viewjob?jk=97a00250bc7d1c91
Python Developer Trainee,Cndro,"Houston, TX",https://indeed.com/viewjob?jk=0cf2026f52be6bc9
Python Developer,InfoQuest Consulting Group Inc.,Remote,https://indeed.com/viewjob?jk=35e33ea7f331f341
Bioinformatician,Ashion Analytics LLC,Remote,https://indeed.com/viewjob?jk=994c0644377f8be1
Junior Python Developer,GTS,"New York, NY",https://indeed.com/viewjob?jk=f8f068da6dd93fa6
Python Developer,Highbrow Technologies,"Bellevue, WA",https://indeed.com/viewjob?jk=70912d7ae92ee088
"Launch Internship, Summer 2021 - Location Flexible",Dropbox,California,https://indeed.com/viewjob?jk=c95324f57292851a
PYTHON DEVELOPER,Pythonwise,"Seattle, WA",https://indeed.com/viewjob?jk=1a20a1c56fb7df73
Python Developer,Callsign Media,"Las Vegas, NV",https://indeed.com/viewjob?jk=345e22ca6e583be5
Early career data scientist / analyst / statistical geneticist,Data Tecnica,"Glen Echo, MD",https://indeed.com/viewjob?jk=b6506065408f4f15
python-developer,Primafelicitas,"San Francisco, CA",https://indeed.com/viewjob?jk=7363bacb02a91ef9
Software Engineer Intern (Python),Vectorworks Inc.,"Columbia, MD",https://indeed.com/viewjob?jk=b2e60f03c3f7dd3b
Data Science Intern,Sikka Software,"Santa Clara, CA",https://indeed.com/viewjob?jk=7e62ad8c421960f3
ETL Developer (SAS/Python),IT Data Solutions,Remote,https://indeed.com/viewjob?jk=1abc52d8890c72ea
Python Engineer,CLARIKA,Remote,https://indeed.com/viewjob?jk=0e08e1e323874e40
Content Creator,LeetCode,Remote,https://indeed.com/viewjob?jk=e94af63cb41ad9b5
Python Developer,Talen Energy,"The Woodlands, TX",https://indeed.com/viewjob?jk=5a9e656de13a15c7
Developer - Python Django,Energy Sense Finance,"Tampa, FL",https://indeed.com/viewjob?jk=213f60ab30d8eece
BASICS Consultant - Python Development,Internews,Remote,https://indeed.com/viewjob?jk=edb59cd10b664b7c
"Software Engineer, Python - Cryptowatch",kraken,Remote,https://indeed.com/viewjob?jk=3d2c1aadb5531ac3
Jr. Data Scientist,Vacasa,"Boise, ID",https://indeed.com/viewjob?jk=a60184bccf717e63
Python developer,VAUXOO,"Colima, GA",https://indeed.com/viewjob?jk=f7669fcbd77ecd11
AI and Machine Learning Trainee,SureStart,Remote,https://indeed.com/viewjob?jk=9a962ab816577454
Python Developers,Kynite,"Fargo, ND",https://indeed.com/viewjob?jk=224481bea6e336bf
Senior Python Developer,Ebury Partners,Remote,https://indeed.com/viewjob?jk=249fd45368894066
Python Developer,Crunch.io,United States,https://indeed.com/viewjob?jk=b616c7551b5d0f3c
Quantitative Trader - Entry Level,Avatar Securities,"Chicago, IL",https://indeed.com/viewjob?jk=d01efa8dad29efdc
Backend Python Developer,NCLab,Remote,https://indeed.com/viewjob?jk=45d2f0dfebd24aed
Senior Level Python Developer,Naka Technologies,"New York, NY",https://indeed.com/viewjob?jk=bfa41cad10426505
"MACHINE LEARNING ENGINEER - PYTHON, TENSORFLOW",InspiHER Tech,United States,https://indeed.com/viewjob?jk=a754b1fae51c41d2
Software Engineer (Entry-Level),Raptor Maps,"Somerville, MA",https://indeed.com/viewjob?jk=4895c5581d575885
Office of CTO Internship,Red Hat Software,"Boston, MA",https://indeed.com/viewjob?jk=87d745b0f4950692
Entry Level Business Analyst (2+Years Exp),Agama Solutions,Arizona,https://indeed.com/viewjob?jk=e6e644c9c83e253c
Software Developer (Python),"Yashco Systems, Inc.","Hilliard, OH",https://indeed.com/viewjob?jk=8f5037f31fe9b760
Java / Python Tutors,"SAM Consulting Services, Inc.","New York, NY",https://indeed.com/viewjob?jk=6dd414e5bf2653aa
Summer Intern - Project 2 - Environmental Health and School Achievement for California’s Children,Public Policy Institute of California,"San Francisco, CA",https://indeed.com/viewjob?jk=b3a45ed0baf7655d
QA Manual Tester,Agama Solutions,"Dallas, TX",https://indeed.com/viewjob?jk=687036ffe9aa0419
Python Developer,Spire Digital,"Denver, CO",https://indeed.com/viewjob?jk=6f1c7fcc5a94a198
Data Scientist - Intermediate,Bayer,"St. Louis, MO",https://indeed.com/viewjob?jk=b4a4f47420acefd3
Python Developer,Cognizant Technology Solutions,"Hopkins, MN",https://indeed.com/viewjob?jk=0625bd8b64acc057
Cyber Threat Analyst - Junior,ECS Federal LLC,"Fairfax, VA",https://indeed.com/viewjob?jk=37487f7efb7436fa
Penetration Testing Trainee (Remote USA),BreachLock,"Florida, NY",https://indeed.com/viewjob?jk=487b30db63184515
Python Developer,Piper Companies,"Windsor Mill, MD",https://indeed.com/viewjob?jk=c549c773f0471be0
Specialist,Microsoft,United States,https://indeed.com/viewjob?jk=e1580b36f02b7573
Python Developer,CMK Resources,"Bethesda, MD",https://indeed.com/viewjob?jk=927d18122441c8aa
Data Analytics Intern,Pacific Life,"Newport Beach, CA",https://indeed.com/viewjob?jk=6bc5210cf140dc1a
Statistician Internship 2021 (3-6 months),E.&J. Gallo Winery,"Modesto, CA",https://indeed.com/viewjob?jk=c6478f06df48db69
Data Science Intern,KORNFERRY,Remote,https://indeed.com/viewjob?jk=aa1812b0b6dddc9b
Data Scientist,Mystery.org,Remote,https://indeed.com/viewjob?jk=0558bb7a3458addd
Support Opportunities,RStudio,"Seattle, WA",https://indeed.com/viewjob?jk=2c26339484d5141f
Python Developer,Haneke Design,"Tampa, FL",https://indeed.com/viewjob?jk=542b21736b6bca61
Database Engineer,Business Information Systems,"Piney Flats, TN",https://indeed.com/viewjob?jk=95fb944f3ffb9017
"Python Developer | Richmond, VA (Remote until 2021)",iknowvate technologies,"Richmond, VA",https://indeed.com/viewjob?jk=5a9a0ac14d0aaba7
Data Scientist,Apple,"Austin, TX",https://indeed.com/viewjob?jk=dc7a785f3c033095
Python-Developers,Celandyne Software Solutions,"Santa Clara, CA",https://indeed.com/viewjob?jk=e004e922fdd74fe6
Junior Data Scientist,World Bank Group,"Washington, DC",https://indeed.com/viewjob?jk=03f0a49a2928aab4
PYTHON SOFTWARE ENGINEER-DEEP LEARNING,InspiHER Tech,United States,https://indeed.com/viewjob?jk=3dd6c509667887e7
Software Engineer - Interest Recommendations & Explore Tab (All levels),Twitter,"Atlanta, GA",https://indeed.com/viewjob?jk=f503a9fb09ba8743
"Entry-Level Data Positions (Data Engineer, Machine Learning & Visualization)",Citi,"Jacksonville, FL",https://indeed.com/viewjob?jk=d2e8a5eaac52a039
Database Administrator (Remote),Pecan Street Inc.,Remote,https://indeed.com/viewjob?jk=55e45c78451fdd4f
Python/Django Developer,Santex Group,United States,https://indeed.com/viewjob?jk=e5a6b63a5fade688
Data Analyst - Python/SQL,Gainwell Technologies,"Williston, VT",https://indeed.com/viewjob?jk=3aae4af40d0f7148
PYTHON AUTOMATION TESTING,SpanIdea,"Milpitas, CA",https://indeed.com/viewjob?jk=06a12c53ed5463db
Data Analyst,Beekeeper Marketing,"San Francisco, CA",https://indeed.com/viewjob?jk=aaa6dc813c3be401
PYTHON DEVELOPER – DJANGO/FLASK,SpanIdea,"Milpitas, CA",https://indeed.com/viewjob?jk=fc324a2ebed84b82
Python Developer,Tech Pundits,"Philadelphia, PA",https://indeed.com/viewjob?jk=7a93e09be795ac6b
Data Analyst Intern,Cadent,"Philadelphia, PA",https://indeed.com/viewjob?jk=e164297ebe387a36
Developer - Python (Full Stack),Logic20/20,"Seattle, WA",https://indeed.com/viewjob?jk=967ebfd6a3c5cc9e
Data Scientist,Amazon.com Services LLC,United States,https://indeed.com/viewjob?jk=07c62952b7f4db19
Agricultural Data Science Interns,HANUMAYAMMA INNOVATIONS AND TECHNOLOGIES,"San Francisco, CA",https://indeed.com/viewjob?jk=dd749f9a65f53216
Assistant—Integrative Sports Performance,Milwaukee Brewers,"Phoenix, AZ",https://indeed.com/viewjob?jk=2af07f1883b45d89
Applied Scientist - Geospatial,Descartes Labs,Remote,https://indeed.com/viewjob?jk=cfd34ede9121269d
Senior Django/Python Developer,Small Planet,"Brooklyn, NY",https://indeed.com/viewjob?jk=ec36299f56189c31
Data Analyst,Bayer,"San Francisco, CA",https://indeed.com/viewjob?jk=a5ab903944ee4a25
"Analyst, Baseball Operations",Detroit Tigers,"Detroit, MI",https://indeed.com/viewjob?jk=d70c21cd4719170a
Junior Software Engineer,Two Barrels,"Spokane, WA",https://indeed.com/viewjob?jk=33b7f295f98000b6
Python Developer,Appriss,"Poland, ME",https://indeed.com/viewjob?jk=ed28f1a8069e7eb3
Python/SQL Developer,IDM People,"Township of Hamilton, NJ",https://indeed.com/viewjob?jk=967a405ee33c49d4
Python Developer,Sara Technologies,"San Diego, CA",https://indeed.com/viewjob?jk=07cc59a85ae4d228
Perl / Python Developer,Intellisys Technology,"Chicago, IL",https://indeed.com/viewjob?jk=ac92176c1deaf527
Data Scientist - Analytics,Acorn Analytics,Remote,https://indeed.com/viewjob?jk=3d5724ad39c214bb
Software Engineers & Web Developers,1DocWay,"New York, NY",https://indeed.com/viewjob?jk=597b9830f39b5420
Python Infrastructure Developer-NAS/File Storage,"JPMorgan Chase Bank, N.A.","Lewisville, TX",https://indeed.com/viewjob?jk=fc913cc828ceae2c
Digital Forensics Intern or Coop,Basis Technology,"Cambridge, MA",https://indeed.com/viewjob?jk=015c356638c2b4d2
Parametric Designer,Apple,"Santa Clara Valley, CA",https://indeed.com/viewjob?jk=c686d5524fe71e52
Federal - Entry Level Java Developer Associate,Accenture,"St. Louis, MO",https://indeed.com/viewjob?jk=7cbb0ffc282159df
Web Developer / Python Developer,Michigan Medicine,"Ann Arbor, MI",https://indeed.com/viewjob?jk=addb001a187f52b5
Rider Care Demand Planner,Specialized Bicycle Components,Remote,https://indeed.com/viewjob?jk=2795879aa2fc3653
Entry Level Physical Scientist,"Signature Science, LLC","Egg Harbor Township, NJ",https://indeed.com/viewjob?jk=ce8841a4fd878c93
Platform Services Integration Engineering - Golang / Python - Vice President,"JPMorgan Chase Bank, N.A.","London, UK",https://stackoverflow.com/jobs/472543
Data/BI Engineer - FT CRM-on-site,leboncoin,"Paris, France",https://stackoverflow.com/jobs/460964
Cloud Engineer with an knowledge of Azure,TOPdesk Nederland BV,"Delft, Netherlands",https://stackoverflow.com/jobs/425993
Backend Developer,Octopus Energy,"London, UK",https://stackoverflow.com/jobs/197943
DevOps B2B Team (Pro Marketplace),BlaBlaCar,"Kyiv, Ukraine",https://stackoverflow.com/jobs/450806
DevOps Engineer - Global Health Data Platform,DHIS2,No office location,https://stackoverflow.com/jobs/450805
Data Scientist (m/f/d),medpex Versandapotheke,"Mannheim, Deutschland",https://stackoverflow.com/jobs/460961
(Senior-) Softwareentwickler (m/w/d) Embedded DSP,Müller-BBM Active Sound Technology GmbH,"Planegg, Deutschland",https://stackoverflow.com/jobs/460960
SENIOR FRONT-END SOFTWARE ENGINEER (TECHNOLOGY),FELFEL,"Zürich, Switzerland",https://stackoverflow.com/jobs/450802
Solutions Architect - Retail,Amazon Web Services,"London, UK",https://stackoverflow.com/jobs/420676
Computational Photography Engineer (f/m/d),Leica Geosystems AG,"Heerbrugg, Schweiz",https://stackoverflow.com/jobs/460888
Senior Data Scientist,"Team Go, Inc",No office location,https://stackoverflow.com/jobs/460886
Data Engineer,Trax Retail Ltd,"Budapest, Hungary",https://stackoverflow.com/jobs/450794
(Senior) Manager Digital Controlling & Business Analytics / Data Science (f/m/d),Fresenius SE & Co. KGaA,"Bad Homburg vor der Höhe, Deutschland",https://stackoverflow.com/jobs/387145
Senior Python Developer - Quick Commerce (f/m/d),Delivery Hero SE,"Berlin, Germany",https://stackoverflow.com/jobs/450784
"Software Engineer, Backend",SmartNews,"Shibuya City, Japan",https://stackoverflow.com/jobs/208334
Senior Data Engineer,SimpliSafe,"Boston, MA",https://stackoverflow.com/jobs/450674
Sr. Frontend Software Engineer,Chaturbate,No office location,https://stackoverflow.com/jobs/460874
Software Engineer - Typescript / React  - UI Engineering - VP,"JPMorgan Chase Bank, N.A.","London, UK",https://stackoverflow.com/jobs/472550
Software Engineering,"JPMorgan Chase Bank, N.A.","Newark, DE",https://stackoverflow.com/jobs/472548
AI/ML Engineering Principal - Executive Director,"JPMorgan Chase Bank, N.A.","Plano, TX",https://stackoverflow.com/jobs/472541
Infrastructure Development - POS Terminals,"JPMorgan Chase Bank, N.A.","Tampa, FL",https://stackoverflow.com/jobs/472536
"Merchant Services - Helix, Production Management, Site Reliability Engineer, Associate","JPMorgan Chase Bank, N.A.",Singapore,https://stackoverflow.com/jobs/472534
Software Engineer - Java,"JPMorgan Chase Bank, N.A.","Chicago, IL",https://stackoverflow.com/jobs/472532
Software Engineer - Java,"JPMorgan Chase Bank, N.A.","Chicago, IL",https://stackoverflow.com/jobs/472531
"Infrastructure Developer, VP","JPMorgan Chase Bank, N.A.",Singapore,https://stackoverflow.com/jobs/472453
Enterprise Applications Support - JIRA/Atlassian,"JPMorgan Chase Bank, N.A.","Houston, TX",https://stackoverflow.com/jobs/472530
Software Engineer - Java,"JPMorgan Chase Bank, N.A.","Chicago, IL",https://stackoverflow.com/jobs/472528
VP- Lead Applications Support,"JPMorgan Chase Bank, N.A.","Jersey City, NJ",https://stackoverflow.com/jobs/472524
Software Engineering - SRE role with java j2ee development - CUBE,"JPMorgan Chase Bank, N.A.","Bengaluru, India",https://stackoverflow.com/jobs/472521
Performance Engineer,"JPMorgan Chase Bank, N.A.","Chicago, IL",https://stackoverflow.com/jobs/472518
Software Engineering - Vice President- Bigdata/Hadoop,"JPMorgan Chase Bank, N.A.","Hyderabad, India",https://stackoverflow.com/jobs/472515
Software Engineering,"JPMorgan Chase Bank, N.A.","Bengaluru, India",https://stackoverflow.com/jobs/472514
Software Engineering,"JPMorgan Chase Bank, N.A.","Mumbai, India",https://stackoverflow.com/jobs/472513
"Software Engineer - Java, Spring, Miroservices","JPMorgan Chase Bank, N.A.","Mumbai, India",https://stackoverflow.com/jobs/472511
Senior Mobile CI/CD Software Engineer,"JPMorgan Chase Bank, N.A.","Plano, TX",https://stackoverflow.com/jobs/472501
Site Reliability Engineer - Public Cloud Platform,"JPMorgan Chase Bank, N.A.","Plano, TX",https://stackoverflow.com/jobs/472497
Software Engineering - Big Data / Java,"JPMorgan Chase Bank, N.A.","Tampa, FL",https://stackoverflow.com/jobs/472494
Software Engineering -Site Reliability Engineer,"JPMorgan Chase Bank, N.A.","Houston, TX",https://stackoverflow.com/jobs/472492
Lead Architect - Vice President,"JPMorgan Chase Bank, N.A.","Glasgow, UK",https://stackoverflow.com/jobs/472479
Infrastructure Support,"JPMorgan Chase Bank, N.A.","Buenos Aires, Argentina",https://stackoverflow.com/jobs/472475
Head of Release Engineering and DevOps,"JPMorgan Chase Bank, N.A.","Palo Alto, CA",https://stackoverflow.com/jobs/472470
Infrastructure Developer,"JPMorgan Chase Bank, N.A.","Hyderabad, India",https://stackoverflow.com/jobs/472465
Software Engineering - Productivity Engineer,"JPMorgan Chase Bank, N.A.","London, UK",https://stackoverflow.com/jobs/472464
Software Engineering,"JPMorgan Chase Bank, N.A.","London, UK",https://stackoverflow.com/jobs/472463
Software Engineering - DevOps,"JPMorgan Chase Bank, N.A.","Mumbai, India",https://stackoverflow.com/jobs/472458
Senior Build and Release Engineer,"JPMorgan Chase Bank, N.A.","Palo Alto, CA",https://stackoverflow.com/jobs/472443
Software Engineer,Property Meld,No office location,https://stackoverflow.com/jobs/460789
Site Reliability Engineer,Zattoo,"Berlin, Germany",https://stackoverflow.com/jobs/472441
Backend Engineer (Python),Zattoo,"Berlin, Germany",https://stackoverflow.com/jobs/472439
